step,tokens,flops,loss_nats_raw,loss_nats_smooth50,bits_per_token_smooth50,flops_per_bit_reduction
10,40960,1.20105e+14,4.1918,4.1918,6.0475,1.25507e+13
20,81920,2.40209e+14,2.8041,3.4979,5.0465,2.27244e+13
30,122880,3.60314e+14,2.6330,3.2096,4.6305,3.2796e+13
40,163840,4.80419e+14,2.4879,3.0292,4.3702,4.27159e+13
50,204800,6.00523e+14,3.0953,3.0424,4.3893,5.34856e+13
60,245760,7.20628e+14,2.1000,2.8854,4.1627,6.2913e+13
70,286720,8.40733e+14,1.8905,2.7432,3.9576,7.21077e+13
80,327680,9.60837e+14,5.0632,3.0332,4.3760,8.5476e+13
90,368640,1.08094e+15,4.4129,3.1865,4.5972,9.80904e+13
100,409600,1.20105e+15,3.6853,3.2364,4.6691,1.09706e+14
110,450560,1.32115e+15,3.2337,3.2362,4.6688,1.20672e+14
120,491520,1.44126e+15,3.0699,3.2223,4.6488,1.31403e+14
130,532480,1.56136e+15,2.8048,3.1902,4.6025,1.41754e+14
140,573440,1.68147e+15,2.5157,3.1420,4.5330,1.51701e+14
150,614400,1.80157e+15,2.5313,3.1013,4.4742,1.6168e+14
160,655360,1.92167e+15,2.1836,3.0439,4.3915,1.71187e+14
170,696320,2.04178e+15,2.2563,2.9976,4.3246,1.8081e+14
180,737280,2.16188e+15,2.1199,2.9488,4.2543,1.90261e+14
190,778240,2.28199e+15,2.2419,2.9116,4.2006,1.99886e+14
200,819200,2.40209e+15,1.9786,2.8650,4.1333,2.09173e+14
210,860160,2.5222e+15,1.9698,2.8224,4.0718,2.18462e+14
220,901120,2.6423e+15,2.0789,2.7886,4.0230,2.27903e+14
230,942080,2.76241e+15,2.1368,2.7602,3.9822,2.37425e+14
240,983040,2.88251e+15,2.2353,2.7384,3.9506,2.47077e+14
250,1024000,3.00262e+15,2.0237,2.7098,3.9094,2.56466e+14
260,1064960,3.12272e+15,1.4896,2.6628,3.8417,2.65191e+14
270,1105920,3.24283e+15,2.0156,2.6389,3.8071,2.74584e+14
280,1146880,3.36293e+15,2.2164,2.6238,3.7853,2.8423e+14
290,1187840,3.48303e+15,1.5391,2.5864,3.7314,2.93045e+14
300,1228800,3.60314e+15,0.5967,2.5201,3.6357,3.00729e+14
310,1269760,3.72324e+15,2.4184,2.5168,3.6309,3.1063e+14
320,1310720,3.84335e+15,1.8714,2.4966,3.6018,3.19874e+14
330,1351680,3.96345e+15,1.8523,2.4771,3.5737,3.29099e+14
340,1392640,4.08356e+15,2.1631,2.4678,3.5604,3.38697e+14
350,1433600,4.20366e+15,1.7969,2.4487,3.5327,3.4786e+14
360,1474560,4.32377e+15,1.1504,2.4126,3.4807,3.56265e+14
370,1515520,4.44387e+15,1.7119,2.3937,3.4533,3.65339e+14
380,1556480,4.56398e+15,1.6915,2.3752,3.4267,3.74393e+14
390,1597440,4.68408e+15,1.4619,2.3518,3.3929,3.83183e+14
400,1638400,4.80419e+15,1.4248,2.3286,3.3595,3.91936e+14
410,1679360,4.92429e+15,1.2158,2.3015,3.3203,4.00455e+14
420,1720320,5.0444e+15,1.7214,2.2877,3.3004,4.09559e+14
430,1761280,5.1645e+15,2.0514,2.2822,3.2925,4.19041e+14
440,1802240,5.2846e+15,2.0911,2.2778,3.2862,4.28568e+14
450,1843200,5.40471e+15,1.8110,2.2674,3.2712,4.37777e+14
460,1884160,5.52481e+15,1.6435,2.2539,3.2517,4.46797e+14
470,1925120,5.64492e+15,1.7219,2.2426,3.2353,4.55908e+14
480,1966080,5.76502e+15,2.1520,2.2407,3.2326,4.65506e+14
490,2007040,5.88513e+15,1.6959,2.2296,3.2166,4.74589e+14
500,2048000,6.00523e+15,1.5840,2.2166,3.1979,4.83548e+14
510,2088960,6.12534e+15,1.6070,2.1649,3.1234,4.90275e+14
520,2129920,6.24544e+15,1.5783,2.1404,3.0880,4.98477e+14
530,2170880,6.36555e+15,1.8191,2.1242,3.0645,5.07113e+14
540,2211840,6.48565e+15,1.6310,2.1070,3.0398,5.15665e+14
550,2252800,6.60576e+15,1.4922,2.0750,2.9935,5.2329e+14
560,2293760,6.72586e+15,1.6260,2.0655,2.9798,5.32228e+14
570,2334720,6.84597e+15,1.5652,2.0590,2.9705,5.4133e+14
580,2375680,6.96607e+15,1.4582,1.9869,2.8664,5.46333e+14
590,2416640,7.08617e+15,1.7532,1.9337,2.7897,5.52428e+14
600,2457600,7.20628e+15,1.7016,1.8940,2.7325,5.59295e+14
610,2498560,7.32638e+15,1.5451,1.8602,2.6837,5.66475e+14
620,2539520,7.44649e+15,1.4651,1.8281,2.6374,5.73707e+14
630,2580480,7.56659e+15,1.5701,1.8034,2.6018,5.81365e+14
640,2621440,7.6867e+15,1.7098,1.7873,2.5786,5.89539e+14
650,2662400,7.8068e+15,1.6093,1.7689,2.5520,5.97532e+14
660,2703360,7.92691e+15,1.6021,1.7573,2.5352,6.05946e+14
670,2744320,8.04701e+15,1.8808,1.7497,2.5243,6.14618e+14
680,2785280,8.16712e+15,1.6473,1.7403,2.5107,6.23143e+14
690,2826240,8.28722e+15,1.7153,1.7298,2.4955,6.31574e+14
700,2867200,8.40733e+15,1.3407,1.7170,2.4771,6.3983e+14
710,2908160,8.52743e+15,1.5000,1.7076,2.4635,6.48302e+14
720,2949120,8.64753e+15,1.3768,1.6936,2.4433,6.56422e+14
730,2990080,8.76764e+15,1.2387,1.6756,2.4174,6.64232e+14
740,3031040,8.88774e+15,1.4317,1.6595,2.3942,6.72151e+14
750,3072000,9.00785e+15,1.1305,1.6417,2.3684,6.79908e+14
760,3112960,9.12795e+15,1.0406,1.6327,2.3555,6.88301e+14
770,3153920,9.24806e+15,0.9926,1.6122,2.3259,6.95809e+14
780,3194880,9.36816e+15,0.9345,1.5866,2.2890,7.02889e+14
790,3235840,9.48827e+15,1.0542,1.5769,2.2750,7.11154e+14
800,3276800,9.60837e+15,1.7209,1.5994,2.3074,7.21911e+14
810,3317760,9.72848e+15,1.6340,1.5837,2.2848,7.29694e+14
820,3358720,9.84858e+15,1.6052,1.5784,2.2771,7.38277e+14
830,3399680,9.96869e+15,1.4257,1.5698,2.2648,7.46592e+14
840,3440640,1.00888e+16,1.3148,1.5529,2.2403,7.54204e+14
850,3481600,1.02089e+16,1.4453,1.5458,2.2302,7.62605e+14
860,3522560,1.0329e+16,1.3922,1.5507,2.2371,7.71979e+14
870,3563520,1.04491e+16,1.4217,1.5449,2.2288,7.80467e+14
880,3604480,1.05692e+16,1.5672,1.5424,2.2252,7.89226e+14
890,3645440,1.06893e+16,1.5824,1.5448,2.2287,7.98402e+14
900,3686400,1.08094e+16,1.4736,1.5458,2.2301,8.07458e+14
910,3727360,1.09295e+16,1.3520,1.5485,2.2340,8.16669e+14
920,3768320,1.10496e+16,1.4512,1.5431,2.2262,8.25163e+14
930,3809280,1.11697e+16,1.4956,1.5320,2.2102,8.33134e+14
940,3850240,1.12898e+16,1.3016,1.5162,2.1874,8.40664e+14
950,3891200,1.14099e+16,1.4159,1.5083,2.1760,8.48887e+14
960,3932160,1.153e+16,1.2584,1.5006,2.1649,8.57114e+14
970,3973120,1.16502e+16,1.6284,1.4987,2.1622,8.65869e+14
980,4014080,1.17703e+16,1.5445,1.4866,2.1446,8.73657e+14
990,4055040,1.18904e+16,1.3726,1.4801,2.1353,8.81961e+14
1000,4096000,1.20105e+16,1.7348,1.4831,2.1397,8.91158e+14
1010,4136960,1.21306e+16,1.5754,1.4825,2.1387,9.00008e+14
1020,4177920,1.22507e+16,1.5625,1.4822,2.1383,9.08888e+14
1030,4218880,1.23708e+16,1.3749,1.4733,2.1255,9.16927e+14
1040,4259840,1.24909e+16,1.4156,1.4690,2.1193,9.25403e+14
1050,4300800,1.2611e+16,1.5182,1.4695,2.1200,9.34353e+14
1060,4341760,1.27311e+16,1.6435,1.4698,2.1205,9.43287e+14
1070,4382720,1.28512e+16,1.5604,1.4697,2.1204,9.52176e+14
1080,4423680,1.29713e+16,1.3143,1.4669,2.1162,9.60779e+14
1090,4464640,1.30914e+16,1.0391,1.4526,2.0956,9.68198e+14
1100,4505600,1.32115e+16,1.3415,1.4454,2.0852,9.7633e+14
1110,4546560,1.33316e+16,1.3861,1.4422,2.0806,9.84872e+14
1120,4587520,1.34517e+16,1.2607,1.4381,2.0747,9.93312e+14
1130,4628480,1.35718e+16,1.2200,1.4311,2.0646,1.00143e+15
1140,4669440,1.36919e+16,1.2080,1.4211,2.0502,1.00922e+15
1150,4710400,1.3812e+16,1.2204,1.4133,2.0389,1.01723e+15
1160,4751360,1.39321e+16,1.1467,1.4042,2.0258,1.02508e+15
1170,4792320,1.40522e+16,1.1694,1.3900,2.0053,1.03236e+15
1180,4833280,1.41723e+16,1.2788,1.3826,1.9946,1.04037e+15
1190,4874240,1.42925e+16,1.1479,1.3712,1.9783,1.04793e+15
1200,4915200,1.44126e+16,1.1424,1.3673,1.9726,1.05629e+15
1210,4956160,1.45327e+16,1.1956,1.3612,1.9638,1.06441e+15
1220,4997120,1.46528e+16,1.2188,1.3580,1.9592,1.07285e+15
1230,5038080,1.47729e+16,1.1775,1.3568,1.9574,1.0815e+15
1240,5079040,1.4893e+16,1.1467,1.3511,1.9492,1.08964e+15
1250,5120000,1.50131e+16,1.6515,1.3615,1.9643,1.09964e+15
1260,5160960,1.51332e+16,1.3008,1.3667,1.9718,1.10904e+15
1270,5201920,1.52533e+16,1.5625,1.3781,1.9882,1.11919e+15
1280,5242880,1.53734e+16,1.5559,1.3905,2.0061,1.12949e+15
1290,5283840,1.54935e+16,1.3975,1.3974,2.0160,1.13914e+15
1300,5324800,1.56136e+16,1.4399,1.3918,2.0079,1.14729e+15
1310,5365760,1.57337e+16,1.3827,1.3868,2.0007,1.1555e+15
1320,5406720,1.58538e+16,1.5042,1.3847,1.9978,1.16407e+15
1330,5447680,1.59739e+16,1.5102,1.3864,2.0002,1.1731e+15
1340,5488640,1.6094e+16,1.3915,1.3880,2.0024,1.18211e+15
1350,5529600,1.62141e+16,1.5980,1.3910,2.0068,1.19132e+15
1360,5570560,1.63342e+16,1.4009,1.3912,2.0071,1.20017e+15
1370,5611520,1.64543e+16,1.3556,1.3899,2.0052,1.20882e+15
1380,5652480,1.65744e+16,1.5090,1.3887,2.0035,1.2175e+15
1390,5693440,1.66945e+16,1.4312,1.3857,1.9991,1.22593e+15
1400,5734400,1.68147e+16,1.3051,1.3823,1.9943,1.2343e+15
1410,5775360,1.69348e+16,1.3609,1.3825,1.9945,1.24314e+15
1420,5816320,1.70549e+16,1.5355,1.3842,1.9970,1.25218e+15
1430,5857280,1.7175e+16,1.2564,1.3794,1.9901,1.26036e+15
1440,5898240,1.72951e+16,1.0829,1.3750,1.9837,1.26859e+15
1450,5939200,1.74152e+16,1.0964,1.3686,1.9745,1.27654e+15
1460,5980160,1.75353e+16,1.5094,1.3737,1.9818,1.28602e+15
1470,6021120,1.76554e+16,1.4304,1.3697,1.9761,1.29429e+15
1480,6062080,1.77755e+16,1.6742,1.3723,1.9798,1.30345e+15
1490,6103040,1.78956e+16,1.4414,1.3737,1.9818,1.31245e+15
1500,6144000,1.80157e+16,1.2793,1.3646,1.9686,1.31999e+15
1510,6184960,1.81358e+16,1.3996,1.3610,1.9636,1.32829e+15
1520,6225920,1.82559e+16,1.3406,1.3566,1.9572,1.33646e+15
1530,6266880,1.8376e+16,1.3735,1.3566,1.9571,1.34525e+15
1540,6307840,1.84961e+16,1.5020,1.3583,1.9596,1.35429e+15
1550,6348800,1.86162e+16,1.2196,1.3523,1.9510,1.36222e+15
1560,6389760,1.87363e+16,1.4908,1.3493,1.9466,1.37057e+15
1570,6430720,1.88564e+16,1.2156,1.3424,1.9366,1.37835e+15
1580,6471680,1.89765e+16,1.5723,1.3475,1.9441,1.38789e+15
1590,6512640,1.90966e+16,1.4925,1.3566,1.9572,1.39801e+15
1600,6553600,1.92167e+16,0.9475,1.3487,1.9458,1.40563e+15
1610,6594560,1.93368e+16,0.9675,1.3404,1.9337,1.41317e+15
1620,6635520,1.9457e+16,1.3170,1.3415,1.9353,1.42212e+15
1630,6676480,1.95771e+16,1.2633,1.3423,1.9366,1.43103e+15
1640,6717440,1.96972e+16,1.2526,1.3432,1.9379,1.43994e+15
1650,6758400,1.98173e+16,1.4215,1.3473,1.9437,1.44934e+15
1660,6799360,1.99374e+16,1.3140,1.3506,1.9485,1.45863e+15
1670,6840320,2.00575e+16,1.2699,1.3526,1.9514,1.46773e+15
1680,6881280,2.01776e+16,1.6211,1.3595,1.9613,1.47759e+15
1690,6922240,2.02977e+16,1.3700,1.3639,1.9677,1.48708e+15
1700,6963200,2.04178e+16,1.3814,1.3687,1.9746,1.49664e+15
1710,7004160,2.05379e+16,1.3074,1.3709,1.9778,1.5058e+15
1720,7045120,2.0658e+16,1.3998,1.3745,1.9830,1.51518e+15
1730,7086080,2.07781e+16,1.1083,1.3732,1.9810,1.52377e+15
1740,7127040,2.08982e+16,1.2158,1.3745,1.9830,1.5328e+15
1750,7168000,2.10183e+16,1.5075,1.3717,1.9789,1.54114e+15
1760,7208960,2.11384e+16,1.4549,1.3747,1.9833,1.55045e+15
1770,7249920,2.12585e+16,1.3558,1.3706,1.9774,1.55858e+15
1780,7290880,2.13786e+16,1.4298,1.3681,1.9737,1.56697e+15
1790,7331840,2.14987e+16,1.3063,1.3663,1.9711,1.57547e+15
1800,7372800,2.16188e+16,1.5276,1.3680,1.9736,1.58456e+15
1810,7413760,2.17389e+16,1.3340,1.3670,1.9722,1.5932e+15
1820,7454720,2.1859e+16,1.3642,1.3642,1.9682,1.60153e+15
1830,7495680,2.19792e+16,1.3154,1.3603,1.9626,1.60967e+15
1840,7536640,2.20993e+16,1.4251,1.3610,1.9635,1.61858e+15
1850,7577600,2.22194e+16,1.2287,1.3536,1.9529,1.6261e+15
1860,7618560,2.23395e+16,1.2440,1.3505,1.9483,1.63435e+15
1870,7659520,2.24596e+16,1.3253,1.3499,1.9475,1.64303e+15
1880,7700480,2.25797e+16,1.1417,1.3425,1.9369,1.65054e+15
1890,7741440,2.26998e+16,1.4135,1.3422,1.9364,1.65926e+15
1900,7782400,2.28199e+16,1.3283,1.3427,1.9370,1.66812e+15
1910,7823360,2.294e+16,1.3730,1.3429,1.9374,1.67694e+15
1920,7864320,2.30601e+16,1.3238,1.3387,1.9313,1.68497e+15
1930,7905280,2.31802e+16,1.3776,1.3411,1.9348,1.69418e+15
1940,7946240,2.33003e+16,1.3663,1.3468,1.9429,1.70397e+15
1950,7987200,2.34204e+16,1.7554,1.3599,1.9620,1.71514e+15
1960,8028160,2.35405e+16,1.3429,1.3566,1.9572,1.72333e+15
1970,8069120,2.36606e+16,1.4032,1.3561,1.9564,1.73203e+15
1980,8110080,2.37807e+16,1.4387,1.3513,1.9496,1.73995e+15
1990,8151040,2.39008e+16,1.4556,1.3516,1.9500,1.74879e+15
2000,8192000,2.40209e+16,1.4053,1.3542,1.9536,1.75805e+15
2010,8232960,2.4141e+16,1.0200,1.3466,1.9427,1.76542e+15
2020,8273920,2.42611e+16,1.2157,1.3441,1.9391,1.77374e+15
2030,8314880,2.43812e+16,1.0189,1.3370,1.9288,1.78119e+15
2040,8355840,2.45013e+16,1.1543,1.3300,1.9188,1.78865e+15
2050,8396800,2.46215e+16,1.1185,1.3280,1.9159,1.79704e+15
2060,8437760,2.47416e+16,1.4628,1.3274,1.9151,1.8057e+15
2070,8478720,2.48617e+16,1.5786,1.3347,1.9256,1.81585e+15
2080,8519680,2.49818e+16,2.0688,1.3446,1.9399,1.82653e+15
2090,8560640,2.51019e+16,1.5780,1.3463,1.9423,1.83564e+15
2100,8601600,2.5222e+16,1.2588,1.3526,1.9513,1.84564e+15
2110,8642560,2.53421e+16,1.4144,1.3615,1.9642,1.85618e+15
2120,8683520,2.54622e+16,0.8602,1.3524,1.9510,1.86318e+15
2130,8724480,2.55823e+16,0.9539,1.3462,1.9421,1.87074e+15
2140,8765440,2.57024e+16,1.4380,1.3499,1.9475,1.88026e+15
2150,8806400,2.58225e+16,1.2138,1.3457,1.9415,1.88822e+15
2160,8847360,2.59426e+16,1.1192,1.3418,1.9359,1.89622e+15
2170,8888320,2.60627e+16,1.1669,1.3398,1.9329,1.90459e+15
2180,8929280,2.61828e+16,1.1239,1.3298,1.9185,1.91136e+15
2190,8970240,2.63029e+16,1.1366,1.3252,1.9118,1.91919e+15
2200,9011200,2.6423e+16,1.1223,1.3200,1.9043,1.9269e+15
2210,9052160,2.65431e+16,1.0778,1.3154,1.8977,1.93472e+15
2220,9093120,2.66632e+16,1.0711,1.3088,1.8882,1.94214e+15
2230,9134080,2.67833e+16,1.2714,1.3121,1.8929,1.95155e+15
2240,9175040,2.69034e+16,1.2705,1.3132,1.8945,1.96053e+15
2250,9216000,2.70235e+16,1.4040,1.3111,1.8915,1.96885e+15
2260,9256960,2.71437e+16,1.4328,1.3107,1.8909,1.97751e+15
2270,9297920,2.72638e+16,1.8003,1.3195,1.9037,1.98812e+15
2280,9338880,2.73839e+16,1.3988,1.3189,1.9028,1.99675e+15
2290,9379840,2.7504e+16,1.2055,1.3169,1.8999,2.00508e+15
2300,9420800,2.76241e+16,1.5761,1.3179,1.9013,2.01404e+15
2310,9461760,2.77442e+16,1.2717,1.3166,1.8995,2.02253e+15
2320,9502720,2.78643e+16,1.5064,1.3195,1.9036,2.0319e+15
2330,9543680,2.79844e+16,1.7340,1.3278,1.9157,2.04245e+15
2340,9584640,2.81045e+16,1.3400,1.3261,1.9132,2.05085e+15
2350,9625600,2.82246e+16,1.2576,1.3267,1.9141,2.05974e+15
2360,9666560,2.83447e+16,1.2378,1.3266,1.9139,2.06848e+15
2370,9707520,2.84648e+16,1.3370,1.3268,1.9142,2.0773e+15
2380,9748480,2.85849e+16,1.3787,1.3316,1.9211,2.0871e+15
2390,9789440,2.8705e+16,1.0817,1.3249,1.9115,2.09441e+15
2400,9830400,2.88251e+16,1.0410,1.3192,1.9032,2.1019e+15
2410,9871360,2.89452e+16,1.0172,1.3121,1.8929,2.10908e+15
2420,9912320,2.90653e+16,1.3752,1.3131,1.8944,2.11806e+15
2430,9953280,2.91854e+16,1.3139,1.3118,1.8926,2.12653e+15
2440,9994240,2.93055e+16,1.1360,1.3072,1.8859,2.13424e+15
2450,10035200,2.94256e+16,1.3708,1.2995,1.8748,2.14126e+15
2460,10076160,2.95457e+16,1.2394,1.2975,1.8718,2.14953e+15
2470,10117120,2.96658e+16,1.0608,1.2906,1.8620,2.15672e+15
2480,10158080,2.9786e+16,1.1685,1.2852,1.8542,2.16423e+15
2490,10199040,2.99061e+16,1.2346,1.2808,1.8478,2.17195e+15
2500,10240000,3.00262e+16,1.4296,1.2813,1.8485,2.18078e+15
2510,10280960,3.01463e+16,1.0325,1.2815,1.8489,2.18956e+15
2520,10321920,3.02664e+16,1.2937,1.2831,1.8511,2.19864e+15
2530,10362880,3.03865e+16,1.2609,1.2879,1.8581,2.20849e+15
2540,10403840,3.05066e+16,1.3005,1.2909,1.8623,2.2179e+15
2550,10444800,3.06267e+16,1.1116,1.2907,1.8621,2.2266e+15
2560,10485760,3.07468e+16,1.3333,1.2881,1.8584,2.23472e+15
2570,10526720,3.08669e+16,1.3019,1.2826,1.8504,2.24215e+15
2580,10567680,3.0987e+16,1.2602,1.2664,1.8271,2.24707e+15
2590,10608640,3.11071e+16,1.2171,1.2592,1.8166,2.25407e+15
2600,10649600,3.12272e+16,1.4570,1.2632,1.8224,2.26371e+15
2610,10690560,3.13473e+16,1.1782,1.2584,1.8155,2.2713e+15
2620,10731520,3.14674e+16,1.4389,1.2700,1.8322,2.28276e+15
2630,10772480,3.15875e+16,1.3438,1.2778,1.8435,2.29335e+15
2640,10813440,3.17076e+16,1.3504,1.2761,1.8410,2.30164e+15
2650,10854400,3.18277e+16,1.3963,1.2797,1.8462,2.31125e+15
2660,10895360,3.19478e+16,1.2376,1.2821,1.8496,2.32054e+15
2670,10936320,3.20679e+16,1.3151,1.2850,1.8539,2.32999e+15
2680,10977280,3.2188e+16,1.4181,1.2909,1.8624,2.34016e+15
2690,11018240,3.23082e+16,1.1899,1.2920,1.8639,2.34916e+15
2700,11059200,3.24283e+16,1.3425,1.2964,1.8703,2.35898e+15
2710,11100160,3.25484e+16,1.4085,1.3030,1.8798,2.36936e+15
2720,11141120,3.26685e+16,1.2468,1.3065,1.8849,2.37898e+15
2730,11182080,3.27886e+16,1.0714,1.3025,1.8791,2.38672e+15
2740,11223040,3.29087e+16,1.5405,1.3079,1.8869,2.39683e+15
2750,11264000,3.30288e+16,1.4775,1.3094,1.8891,2.40595e+15
2760,11304960,3.31489e+16,1.2295,1.3053,1.8832,2.41366e+15
2770,11345920,3.3269e+16,1.3909,1.2971,1.8714,2.42033e+15
2780,11386880,3.33891e+16,0.9922,1.2890,1.8596,2.42699e+15
2790,11427840,3.35092e+16,1.4969,1.2948,1.8681,2.43721e+15
2800,11468800,3.36293e+16,1.3021,1.2894,1.8601,2.44454e+15
2810,11509760,3.37494e+16,1.1553,1.2870,1.8568,2.45267e+15
2820,11550720,3.38695e+16,1.3166,1.2832,1.8513,2.46042e+15
2830,11591680,3.39896e+16,0.9801,1.2682,1.8296,2.46525e+15
2840,11632640,3.41097e+16,0.6188,1.2537,1.8087,2.47023e+15
2850,11673600,3.42298e+16,1.6190,1.2610,1.8192,2.48081e+15
2860,11714560,3.43499e+16,1.4808,1.2658,1.8262,2.49078e+15
2870,11755520,3.447e+16,1.2644,1.2644,1.8241,2.49911e+15
2880,11796480,3.45901e+16,1.3924,1.2646,1.8245,2.50789e+15
2890,11837440,3.47102e+16,1.1456,1.2659,1.8263,2.51693e+15
2900,11878400,3.48303e+16,1.3421,1.2719,1.8350,2.52723e+15
2910,11919360,3.49505e+16,1.2553,1.2767,1.8419,2.53721e+15
2920,11960320,3.50706e+16,1.4238,1.2777,1.8433,2.54619e+15
2930,12001280,3.51907e+16,1.4562,1.2805,1.8474,2.55567e+15
2940,12042240,3.53108e+16,1.2079,1.2820,1.8495,2.56478e+15
2950,12083200,3.54309e+16,1.2698,1.2799,1.8466,2.57296e+15
2960,12124160,3.5551e+16,1.2083,1.2793,1.8457,2.58151e+15
2970,12165120,3.56711e+16,1.2138,1.2824,1.8501,2.59106e+15
2980,12206080,3.57912e+16,1.6132,1.2913,1.8629,2.60221e+15
2990,12247040,3.59113e+16,1.8081,1.3027,1.8795,2.61409e+15
3000,12288000,3.60314e+16,1.2534,1.2992,1.8744,2.62186e+15
3010,12328960,3.61515e+16,0.9463,1.2975,1.8719,2.63013e+15
3020,12369920,3.62716e+16,1.2428,1.2965,1.8704,2.63858e+15
3030,12410880,3.63917e+16,1.3633,1.2985,1.8734,2.64789e+15
3040,12451840,3.65118e+16,1.3427,1.2994,1.8746,2.65686e+15
3050,12492800,3.66319e+16,1.3275,1.3037,1.8808,2.66681e+15
3060,12533760,3.6752e+16,1.1909,1.3008,1.8767,2.67476e+15
3070,12574720,3.68721e+16,1.4879,1.3046,1.8821,2.68455e+15
3080,12615680,3.69922e+16,1.2989,1.3053,1.8832,2.69351e+15
3090,12656640,3.71123e+16,1.2724,1.3064,1.8848,2.70257e+15
3100,12697600,3.72324e+16,1.4472,1.3062,1.8845,2.71126e+15
3110,12738560,3.73525e+16,1.1166,1.3050,1.8827,2.71965e+15
3120,12779520,3.74727e+16,0.8257,1.2927,1.8650,2.72489e+15
3130,12820480,3.75928e+16,1.2811,1.2915,1.8632,2.73326e+15
3140,12861440,3.77129e+16,1.0244,1.2850,1.8538,2.74012e+15
3150,12902400,3.7833e+16,1.0333,1.2777,1.8433,2.74676e+15
3160,12943360,3.79531e+16,1.2552,1.2781,1.8439,2.75558e+15
3170,12984320,3.80732e+16,1.3543,1.2788,1.8450,2.76452e+15
3180,13025280,3.81933e+16,1.3352,1.2772,1.8426,2.77276e+15
3190,13066240,3.83134e+16,1.0497,1.2744,1.8385,2.78067e+15
3200,13107200,3.84335e+16,1.0688,1.2689,1.8306,2.78778e+15
3210,13148160,3.85536e+16,1.2490,1.2657,1.8260,2.79556e+15
3220,13189120,3.86737e+16,2.2117,1.2850,1.8539,2.80995e+15
3230,13230080,3.87938e+16,1.8676,1.3009,1.8769,2.82338e+15
3240,13271040,3.89139e+16,1.5819,1.3018,1.8781,2.83237e+15
3250,13312000,3.9034e+16,1.4564,1.3013,1.8774,2.84099e+15
3260,13352960,3.91541e+16,1.3913,1.3046,1.8821,2.8507e+15
3270,13393920,3.92742e+16,1.3316,1.3034,1.8804,2.85909e+15
3280,13434880,3.93943e+16,1.2918,1.3094,1.8890,2.86964e+15
3290,13475840,3.95144e+16,1.2387,1.3042,1.8816,2.87682e+15
3300,13516800,3.96345e+16,1.2248,1.3027,1.8794,2.8851e+15
3310,13557760,3.97546e+16,1.2164,1.3039,1.8811,2.89421e+15
3320,13598720,3.98747e+16,1.1984,1.3015,1.8777,2.90224e+15
3330,13639680,3.99948e+16,1.1961,1.3059,1.8840,2.9123e+15
3340,13680640,4.0115e+16,1.5387,1.3243,1.9105,2.9267e+15
3350,13721600,4.02351e+16,1.2995,1.3179,1.9013,2.93349e+15
3360,13762560,4.03552e+16,1.2978,1.3142,1.8960,2.94112e+15
3370,13803520,4.04753e+16,1.2923,1.3148,1.8968,2.95004e+15
3380,13844480,4.05954e+16,1.4628,1.3162,1.8988,2.95923e+15
3390,13885440,4.07155e+16,1.3327,1.3199,1.9042,2.96916e+15
3400,13926400,4.08356e+16,1.0552,1.3142,1.8960,2.97612e+15
3410,13967360,4.09557e+16,0.9423,1.3079,1.8869,2.98291e+15
3420,14008320,4.10758e+16,1.2921,1.3053,1.8831,2.99083e+15
3430,14049280,4.11959e+16,1.3325,1.3028,1.8796,2.99879e+15
3440,14090240,4.1316e+16,1.3881,1.3064,1.8848,3.00868e+15
3450,14131200,4.14361e+16,1.1991,1.3050,1.8827,3.01697e+15
3460,14172160,4.15562e+16,1.4099,1.3090,1.8885,3.027e+15
3470,14213120,4.16763e+16,1.1991,1.3087,1.8881,3.03566e+15
3480,14254080,4.17964e+16,1.3538,1.3035,1.8806,3.04275e+15
3490,14295040,4.19165e+16,1.1830,1.2910,1.8626,3.04749e+15
3500,14336000,4.20366e+16,1.0361,1.2867,1.8563,3.05483e+15
3510,14376960,4.21567e+16,1.2878,1.2935,1.8662,3.06575e+15
3520,14417920,4.22768e+16,1.3664,1.2960,1.8697,3.07528e+15
3530,14458880,4.23969e+16,1.4040,1.2968,1.8709,3.08428e+15
3540,14499840,4.2517e+16,1.4427,1.2988,1.8738,3.09367e+15
3550,14540800,4.26372e+16,1.8554,1.3094,1.8890,3.10585e+15
3560,14581760,4.27573e+16,1.4088,1.3137,1.8953,3.11603e+15
3570,14622720,4.28774e+16,1.3026,1.3100,1.8900,3.12356e+15
3580,14663680,4.29975e+16,1.0916,1.3059,1.8840,3.13095e+15
3590,14704640,4.31176e+16,0.9733,1.2999,1.8754,3.13772e+15
3600,14745600,4.32377e+16,1.2900,1.2968,1.8708,3.14542e+15
3610,14786560,4.33578e+16,1.4201,1.3028,1.8796,3.15617e+15
3620,14827520,4.34779e+16,1.1790,1.3099,1.8898,3.16726e+15
3630,14868480,4.3598e+16,1.3769,1.3118,1.8925,3.17665e+15
3640,14909440,4.37181e+16,1.4406,1.3201,1.9045,3.18819e+15
3650,14950400,4.38382e+16,1.2933,1.3253,1.9120,3.1987e+15
3660,14991360,4.39583e+16,1.3004,1.3262,1.9133,3.20777e+15
3670,15032320,4.40784e+16,1.3175,1.3255,1.9123,3.21629e+15
3680,15073280,4.41985e+16,0.9825,1.3184,1.9021,3.22266e+15
3690,15114240,4.43186e+16,1.2671,1.3228,1.9084,3.23289e+15
3700,15155200,4.44387e+16,1.2592,1.3266,1.9139,3.24295e+15
3710,15196160,4.45588e+16,1.2193,1.3260,1.9130,3.25152e+15
3720,15237120,4.46789e+16,1.4655,1.3111,1.8915,3.25517e+15
3730,15278080,4.4799e+16,1.4531,1.3028,1.8795,3.26107e+15
3740,15319040,4.49191e+16,1.0543,1.2922,1.8643,3.2662e+15
3750,15360000,4.50392e+16,1.3804,1.2907,1.8621,3.27441e+15
3760,15400960,4.51593e+16,1.2104,1.2871,1.8569,3.2819e+15
3770,15441920,4.52795e+16,1.1575,1.2836,1.8519,3.28942e+15
3780,15482880,4.53996e+16,1.1381,1.2805,1.8474,3.29709e+15
3790,15523840,4.55197e+16,1.0960,1.2777,1.8433,3.30482e+15
3800,15564800,4.56398e+16,1.1108,1.2754,1.8400,3.31275e+15
3810,15605760,4.57599e+16,1.0903,1.2729,1.8364,3.32059e+15
3820,15646720,4.588e+16,1.0574,1.2701,1.8323,3.32832e+15
3830,15687680,4.60001e+16,1.0773,1.2677,1.8289,3.33621e+15
3840,15728640,4.61202e+16,1.0518,1.2580,1.8148,3.34151e+15
3850,15769600,4.62403e+16,1.0241,1.2524,1.8069,3.34829e+15
3860,15810560,4.63604e+16,1.2108,1.2507,1.8044,3.35637e+15
3870,15851520,4.64805e+16,1.2585,1.2500,1.8034,3.36483e+15
3880,15892480,4.66006e+16,1.4348,1.2495,1.8026,3.37333e+15
3890,15933440,4.67207e+16,1.3440,1.2497,1.8029,3.3821e+15
3900,15974400,4.68408e+16,1.2205,1.2530,1.8077,3.39197e+15
3910,16015360,4.69609e+16,1.2647,1.2595,1.8170,3.40296e+15
3920,16056320,4.7081e+16,1.3963,1.2615,1.8200,3.4124e+15
3930,16097280,4.72011e+16,1.3091,1.2611,1.8193,3.42094e+15
3940,16138240,4.73212e+16,1.4021,1.2613,1.8197,3.42975e+15
3950,16179200,4.74413e+16,1.2561,1.2625,1.8214,3.43886e+15
3960,16220160,4.75614e+16,1.3311,1.2609,1.8191,3.447e+15
3970,16261120,4.76815e+16,1.2449,1.2618,1.8204,3.45603e+15
3980,16302080,4.78017e+16,1.3812,1.2624,1.8212,3.46494e+15
3990,16343040,4.79218e+16,1.1636,1.2620,1.8207,3.4735e+15
4000,16384000,4.80419e+16,0.8454,1.2582,1.8152,3.48082e+15
4010,16424960,4.8162e+16,1.0194,1.2528,1.8074,3.48757e+15
4020,16465920,4.82821e+16,1.3224,1.2519,1.8061,3.49594e+15
4030,16506880,4.84022e+16,1.2343,1.2485,1.8012,3.5034e+15
4040,16547840,4.85223e+16,1.2383,1.2444,1.7954,3.51059e+15
4050,16588800,4.86424e+16,1.3165,1.2337,1.7798,3.51533e+15
4060,16629760,4.87625e+16,1.8762,1.2430,1.7933,3.52744e+15
4070,16670720,4.88826e+16,1.4004,1.2450,1.7961,3.53685e+15
4080,16711680,4.90027e+16,1.3250,1.2496,1.8028,3.54727e+15
4090,16752640,4.91228e+16,1.2026,1.2542,1.8095,3.55767e+15
4100,16793600,4.92429e+16,1.2660,1.2537,1.8088,3.56619e+15
4110,16834560,4.9363e+16,1.2557,1.2505,1.8040,3.57366e+15
4120,16875520,4.94831e+16,1.4773,1.2564,1.8126,3.58459e+15
4130,16916480,4.96032e+16,1.4621,1.2581,1.8151,3.59393e+15
4140,16957440,4.97233e+16,0.8399,1.2461,1.7978,3.59811e+15
4150,16998400,4.98434e+16,1.1563,1.2434,1.7938,3.60577e+15
4160,17039360,4.99635e+16,1.1414,1.2402,1.7892,3.61326e+15
4170,17080320,5.00836e+16,0.8776,1.2314,1.7765,3.61863e+15
4180,17121280,5.02037e+16,1.4545,1.2408,1.7901,3.63088e+15
4190,17162240,5.03238e+16,1.5493,1.2465,1.7983,3.64171e+15
4200,17203200,5.0444e+16,1.0783,1.2429,1.7931,3.64902e+15
4210,17244160,5.05641e+16,1.3744,1.2460,1.7975,3.65889e+15
4220,17285120,5.06842e+16,1.2061,1.2408,1.7901,3.6656e+15
4230,17326080,5.08043e+16,1.8740,1.2492,1.8022,3.67751e+15
4240,17367040,5.09244e+16,1.8743,1.2656,1.8259,3.69253e+15
4250,17408000,5.10445e+16,1.4017,1.2660,1.8265,3.70141e+15
4260,17448960,5.11646e+16,1.2235,1.2663,1.8269,3.71022e+15
4270,17489920,5.12847e+16,1.3467,1.2701,1.8323,3.7204e+15
4280,17530880,5.14048e+16,1.3039,1.2734,1.8371,3.73041e+15
4290,17571840,5.15249e+16,1.3157,1.2778,1.8434,3.74084e+15
4300,17612800,5.1645e+16,1.7332,1.2902,1.8614,3.75446e+15
4310,17653760,5.17651e+16,1.3455,1.2953,1.8688,3.76521e+15
4320,17694720,5.18852e+16,1.3343,1.3009,1.8767,3.77614e+15
4330,17735680,5.20053e+16,1.2477,1.3043,1.8817,3.78623e+15
4340,17776640,5.21254e+16,1.2513,1.3083,1.8874,3.79657e+15
4350,17817600,5.22455e+16,1.1760,1.3113,1.8918,3.80653e+15
4360,17858560,5.23656e+16,0.8554,1.3042,1.8815,3.81243e+15
4370,17899520,5.24857e+16,1.2869,1.3048,1.8824,3.8214e+15
4380,17940480,5.26058e+16,1.3251,1.3026,1.8792,3.82927e+15
4390,17981440,5.27259e+16,1.1936,1.2996,1.8749,3.8368e+15
4400,18022400,5.2846e+16,0.9939,1.2950,1.8683,3.84371e+15
4410,18063360,5.29662e+16,1.0413,1.2906,1.8619,3.85064e+15
4420,18104320,5.30863e+16,1.3719,1.2901,1.8612,3.85917e+15
4430,18145280,5.32064e+16,1.1265,1.2864,1.8559,3.86642e+15
4440,18186240,5.33265e+16,1.4638,1.2876,1.8577,3.87565e+15
4450,18227200,5.34466e+16,1.3546,1.2896,1.8605,3.88518e+15
4460,18268160,5.35667e+16,1.6425,1.2958,1.8695,3.89646e+15
4470,18309120,5.36868e+16,1.1977,1.2949,1.8682,3.90481e+15
4480,18350080,5.38069e+16,1.2582,1.2924,1.8646,3.91254e+15
4490,18391040,5.3927e+16,1.3648,1.2965,1.8704,3.92292e+15
4500,18432000,5.40471e+16,1.2058,1.3037,1.8808,3.93464e+15
4510,18472960,5.41672e+16,1.3685,1.3107,1.8909,3.94628e+15
4520,18513920,5.42873e+16,1.4115,1.3124,1.8935,3.95577e+15
4530,18554880,5.44074e+16,1.5190,1.3181,1.9017,3.96689e+15
4540,18595840,5.45275e+16,1.4694,1.3228,1.9083,3.97758e+15
4550,18636800,5.46476e+16,1.4053,1.3245,1.9109,3.98709e+15
4560,18677760,5.47677e+16,1.2817,1.3126,1.8937,3.99086e+15
4570,18718720,5.48878e+16,1.1126,1.3069,1.8854,3.99719e+15
4580,18759680,5.50079e+16,1.1609,1.3036,1.8807,4.00456e+15
4590,18800640,5.5128e+16,1.6593,1.3127,1.8939,4.01715e+15
4600,18841600,5.52481e+16,1.2522,1.3125,1.8935,4.02579e+15
4610,18882560,5.53682e+16,1.5273,1.3179,1.9013,4.03685e+15
4620,18923520,5.54883e+16,1.0623,1.3096,1.8893,4.04207e+15
4630,18964480,5.56085e+16,1.3563,1.3075,1.8863,4.04992e+15
4640,19005440,5.57286e+16,1.2461,1.3156,1.8980,4.06214e+15
4650,19046400,5.58487e+16,1.1940,1.3164,1.8991,4.07121e+15
4660,19087360,5.59688e+16,1.1862,1.3173,1.9004,4.08035e+15
4670,19128320,5.60889e+16,1.1685,1.3231,1.9088,4.09161e+15
4680,19169280,5.6209e+16,1.1501,1.3170,1.9000,4.09775e+15
4690,19210240,5.63291e+16,1.1428,1.3089,1.8883,4.103e+15
4700,19251200,5.64492e+16,1.1231,1.3097,1.8896,4.11213e+15
4710,19292160,5.65693e+16,1.1519,1.3053,1.8831,4.11896e+15
4720,19333120,5.66894e+16,1.0522,1.3022,1.8787,4.12637e+15
4730,19374080,5.68095e+16,1.0425,1.2856,1.8547,4.1279e+15
4740,19415040,5.69296e+16,1.1240,1.2706,1.8331,4.13013e+15
4750,19456000,5.70497e+16,1.0991,1.2645,1.8243,4.13622e+15
4760,19496960,5.71698e+16,1.0452,1.2610,1.8192,4.14339e+15
4770,19537920,5.72899e+16,1.0787,1.2556,1.8115,4.14977e+15
4780,19578880,5.741e+16,1.0731,1.2510,1.8048,4.15646e+15
4790,19619840,5.75301e+16,1.0717,1.2461,1.7978,4.16303e+15
4800,19660800,5.76502e+16,1.0390,1.2322,1.7777,4.16569e+15
4810,19701760,5.77703e+16,1.0255,1.2258,1.7685,4.17158e+15
4820,19742720,5.78904e+16,1.2189,1.2235,1.7652,4.17925e+15
4830,19783680,5.80105e+16,1.5806,1.2302,1.7748,4.19083e+15
4840,19824640,5.81307e+16,1.1448,1.2280,1.7717,4.19857e+15
4850,19865600,5.82508e+16,0.6792,1.2181,1.7574,4.20289e+15
4860,19906560,5.83709e+16,1.2738,1.2265,1.7694,4.21523e+15
4870,19947520,5.8491e+16,1.3011,1.2268,1.7698,4.22403e+15
4880,19988480,5.86111e+16,1.2689,1.2256,1.7682,4.23221e+15
4890,20029440,5.87312e+16,1.1888,1.2255,1.7681,4.24084e+15
4900,20070400,5.88513e+16,1.2209,1.2301,1.7746,4.25152e+15
4910,20111360,5.89714e+16,1.3374,1.2360,1.7832,4.26283e+15
4920,20152320,5.90915e+16,1.4248,1.2371,1.7847,4.27198e+15
4930,20193280,5.92116e+16,1.1072,1.2367,1.7841,4.28049e+15
4940,20234240,5.93317e+16,1.2749,1.2329,1.7787,4.28749e+15
4950,20275200,5.94518e+16,1.1916,1.2296,1.7740,4.29471e+15
4960,20316160,5.95719e+16,1.4265,1.2253,1.7678,4.30145e+15
4970,20357120,5.9692e+16,1.0515,1.2224,1.7635,4.30881e+15
4980,20398080,5.98121e+16,1.3912,1.2251,1.7674,4.31867e+15
4990,20439040,5.99322e+16,1.2627,1.2230,1.7644,4.32642e+15
5000,20480000,6.00523e+16,1.3760,1.2264,1.7693,4.33663e+15
5010,20520960,6.01724e+16,1.3492,1.2260,1.7688,4.34513e+15
5020,20561920,6.02925e+16,1.3179,1.2242,1.7661,4.35295e+15
5030,20602880,6.04126e+16,1.1943,1.2177,1.7567,4.35868e+15
5040,20643840,6.05327e+16,1.2812,1.2139,1.7513,4.36563e+15
5050,20684800,6.06528e+16,1.3925,1.2136,1.7509,4.37418e+15
5060,20725760,6.0773e+16,1.3409,1.2148,1.7526,4.38338e+15
5070,20766720,6.08931e+16,1.3040,1.2187,1.7581,4.39379e+15
5080,20807680,6.10132e+16,1.2841,1.2211,1.7617,4.40359e+15
5090,20848640,6.11333e+16,1.3091,1.2141,1.7516,4.40904e+15
5100,20889600,6.12534e+16,1.1284,1.2116,1.7480,4.41656e+15
5110,20930560,6.13735e+16,1.3430,1.2080,1.7427,4.42353e+15
5120,20971520,6.14936e+16,1.3532,1.2138,1.7511,4.43487e+15
5130,21012480,6.16137e+16,1.2326,1.2113,1.7475,4.44239e+15
5140,21053440,6.17338e+16,1.2792,1.2120,1.7485,4.45135e+15
5150,21094400,6.18539e+16,1.4256,1.2166,1.7552,4.46216e+15
5160,21135360,6.1974e+16,1.2993,1.2189,1.7584,4.47188e+15
5170,21176320,6.20941e+16,1.2121,1.2197,1.7597,4.48095e+15
5180,21217280,6.22142e+16,1.2053,1.2208,1.7613,4.49014e+15
5190,21258240,6.23343e+16,1.3092,1.2242,1.7661,4.50036e+15
5200,21299200,6.24544e+16,1.3096,1.2279,1.7715,4.51079e+15
5210,21340160,6.25745e+16,1.3330,1.2315,1.7767,4.52117e+15
5220,21381120,6.26946e+16,0.9781,1.2300,1.7746,4.52915e+15
5230,21422080,6.28147e+16,1.4119,1.2374,1.7852,4.54132e+15
5240,21463040,6.29348e+16,1.3538,1.2420,1.7918,4.55219e+15
5250,21504000,6.30549e+16,0.9899,1.2398,1.7887,4.55983e+15
5260,21544960,6.3175e+16,1.1248,1.2414,1.7910,4.56928e+15
5270,21585920,6.32952e+16,1.0887,1.2416,1.7913,4.57806e+15
5280,21626880,6.34153e+16,1.3112,1.2464,1.7981,4.58903e+15
5290,21667840,6.35354e+16,1.1480,1.2479,1.8004,4.59845e+15
5300,21708800,6.36555e+16,1.0488,1.2481,1.8006,4.60724e+15
5310,21749760,6.37756e+16,1.1836,1.2513,1.8052,4.61746e+15
5320,21790720,6.38957e+16,1.2214,1.2513,1.8053,4.62618e+15
5330,21831680,6.40158e+16,0.9750,1.2392,1.7878,4.62902e+15
5340,21872640,6.41359e+16,0.6584,1.2295,1.7738,4.633e+15
5350,21913600,6.4256e+16,1.2753,1.2414,1.7910,4.64745e+15
5360,21954560,6.43761e+16,1.2669,1.2413,1.7908,4.65607e+15
5370,21995520,6.44962e+16,1.1967,1.2392,1.7877,4.66374e+15
5380,22036480,6.46163e+16,1.2604,1.2390,1.7875,4.67234e+15
5390,22077440,6.47364e+16,1.3439,1.2421,1.7920,4.68254e+15
5400,22118400,6.48565e+16,1.2010,1.2417,1.7914,4.69103e+15
5410,22159360,6.49766e+16,1.3119,1.2412,1.7907,4.69947e+15
5420,22200320,6.50967e+16,1.5792,1.2443,1.7951,4.70967e+15
5430,22241280,6.52168e+16,1.2659,1.2475,1.7997,4.71993e+15
5440,22282240,6.53369e+16,1.0566,1.2431,1.7934,4.72647e+15
5450,22323200,6.5457e+16,1.2301,1.2439,1.7945,4.73553e+15
5460,22364160,6.55771e+16,1.1400,1.2381,1.7862,4.74139e+15
5470,22405120,6.56972e+16,1.3258,1.2436,1.7942,4.75279e+15
5480,22446080,6.58173e+16,1.2651,1.2411,1.7905,4.76023e+15
5490,22487040,6.59375e+16,1.2432,1.2407,1.7900,4.76872e+15
5500,22528000,6.60576e+16,1.2280,1.2377,1.7857,4.77593e+15
5510,22568960,6.61777e+16,0.9402,1.2296,1.7739,4.78054e+15
5520,22609920,6.62978e+16,1.2383,1.2280,1.7716,4.78842e+15
5530,22650880,6.64179e+16,1.3813,1.2317,1.7770,4.79896e+15
5540,22691840,6.6538e+16,0.9883,1.2259,1.7685,4.80471e+15
5550,22732800,6.66581e+16,1.1046,1.2201,1.7602,4.81049e+15
5560,22773760,6.67782e+16,1.1887,1.2171,1.7558,4.81763e+15
5570,22814720,6.68983e+16,1.2948,1.2169,1.7556,4.82621e+15
5580,22855680,6.70184e+16,1.3414,1.2180,1.7572,4.83545e+15
5590,22896640,6.71385e+16,1.4084,1.2200,1.7601,4.84512e+15
5600,22937600,6.72586e+16,1.2223,1.2219,1.7628,4.85473e+15
5610,22978560,6.73787e+16,1.1297,1.2176,1.7566,4.86124e+15
5620,23019520,6.74988e+16,1.2864,1.2163,1.7547,4.86923e+15
5630,23060480,6.76189e+16,1.2816,1.2173,1.7561,4.87839e+15
5640,23101440,6.7739e+16,1.2370,1.2164,1.7549,4.88663e+15
5650,23142400,6.78591e+16,1.0957,1.2098,1.7454,4.89193e+15
5660,23183360,6.79792e+16,1.2173,1.2082,1.7430,4.89975e+15
5670,23224320,6.80993e+16,1.2292,1.2085,1.7435,4.90859e+15
5680,23265280,6.82194e+16,0.9360,1.2031,1.7358,4.91449e+15
5690,23306240,6.83395e+16,1.1531,1.2000,1.7312,4.92155e+15
5700,23347200,6.84597e+16,0.9836,1.1935,1.7218,4.92686e+15
5710,23388160,6.85798e+16,0.9453,1.1857,1.7107,4.93153e+15
5720,23429120,6.86999e+16,1.1562,1.1893,1.7158,4.94199e+15
5730,23470080,6.882e+16,1.2192,1.1854,1.7102,4.94865e+15
5740,23511040,6.89401e+16,1.2561,1.1835,1.7074,4.95629e+15
5750,23552000,6.90602e+16,1.2194,1.1881,1.7140,4.96729e+15
5760,23592960,6.91803e+16,1.3644,1.1929,1.7210,4.9784e+15
5770,23633920,6.93004e+16,1.4231,1.1996,1.7306,4.99051e+15
5780,23674880,6.94205e+16,1.3693,1.2007,1.7323,4.99976e+15
5790,23715840,6.95406e+16,1.3940,1.2056,1.7394,5.01097e+15
5800,23756800,6.96607e+16,1.2744,1.2102,1.7459,5.02198e+15
5810,23797760,6.97808e+16,0.9904,1.2063,1.7403,5.02862e+15
5820,23838720,6.99009e+16,1.2120,1.2061,1.7400,5.03718e+15
5830,23879680,7.0021e+16,1.1890,1.2104,1.7462,5.04808e+15
5840,23920640,7.01411e+16,1.1858,1.2209,1.7614,5.06229e+15
5850,23961600,7.02612e+16,1.0614,1.2167,1.7553,5.0687e+15
5860,24002560,7.03813e+16,1.2626,1.2166,1.7551,5.07732e+15
5870,24043520,7.05014e+16,1.0391,1.2134,1.7506,5.08432e+15
5880,24084480,7.06215e+16,1.1929,1.2121,1.7486,5.09226e+15
5890,24125440,7.07416e+16,1.6829,1.2188,1.7584,5.10452e+15
5900,24166400,7.08617e+16,1.2334,1.2195,1.7594,5.11354e+15
5910,24207360,7.09818e+16,1.1334,1.2159,1.7542,5.1203e+15
5920,24248320,7.1102e+16,1.6621,1.2176,1.7566,5.12985e+15
5930,24289280,7.12221e+16,1.3772,1.2198,1.7598,5.1397e+15
5940,24330240,7.13422e+16,1.1315,1.2213,1.7620,5.14917e+15
5950,24371200,7.14623e+16,1.3268,1.2232,1.7648,5.15888e+15
5960,24412160,7.15824e+16,1.0368,1.2212,1.7618,5.16644e+15
5970,24453120,7.17025e+16,1.2434,1.2195,1.7594,5.17422e+15
5980,24494080,7.18226e+16,1.2944,1.2201,1.7602,5.18321e+15
5990,24535040,7.19427e+16,1.2763,1.2208,1.7612,5.19223e+15
6000,24576000,7.20628e+16,1.1557,1.2193,1.7591,5.20012e+15
6010,24616960,7.21829e+16,1.1299,1.2231,1.7646,5.21084e+15
6020,24657920,7.2303e+16,1.3869,1.2261,1.7689,5.22113e+15
6030,24698880,7.24231e+16,1.2667,1.2238,1.7656,5.22855e+15
6040,24739840,7.25432e+16,1.1757,1.2275,1.7710,5.23927e+15
6050,24780800,7.26633e+16,1.1812,1.2291,1.7732,5.24878e+15
6060,24821760,7.27834e+16,1.1350,1.2280,1.7716,5.25687e+15
6070,24862720,7.29035e+16,1.0587,1.2233,1.7648,5.26295e+15
6080,24903680,7.30236e+16,1.2736,1.2219,1.7629,5.27088e+15
6090,24944640,7.31437e+16,1.1426,1.2166,1.7552,5.27663e+15
6100,24985600,7.32638e+16,1.0666,1.2135,1.7507,5.28358e+15
6110,25026560,7.33839e+16,0.9600,1.2101,1.7458,5.29037e+15
6120,25067520,7.3504e+16,0.9232,1.2028,1.7353,5.29503e+15
6130,25108480,7.36242e+16,1.7284,1.2118,1.7482,5.30861e+15
6140,25149440,7.37443e+16,1.8378,1.2238,1.7656,5.32393e+15
6150,25190400,7.38644e+16,1.4569,1.2310,1.7760,5.33661e+15
6160,25231360,7.39845e+16,1.1846,1.2304,1.7750,5.34493e+15
6170,25272320,7.41046e+16,1.3771,1.2333,1.7793,5.35525e+15
6180,25313280,7.42247e+16,1.2099,1.2388,1.7872,5.367e+15
6190,25354240,7.43448e+16,1.2436,1.2406,1.7898,5.3767e+15
6200,25395200,7.44649e+16,1.1482,1.2439,1.7946,5.38724e+15
6210,25436160,7.4585e+16,1.0829,1.2467,1.7985,5.39748e+15
6220,25477120,7.47051e+16,1.0372,1.2443,1.7951,5.40482e+15
6230,25518080,7.48252e+16,1.1508,1.2429,1.7931,5.41274e+15
6240,25559040,7.49453e+16,1.2975,1.2437,1.7943,5.4219e+15
6250,25600000,7.50654e+16,1.1102,1.2415,1.7912,5.42935e+15
6260,25640960,7.51855e+16,1.2283,1.2388,1.7873,5.43649e+15
6270,25681920,7.53056e+16,1.2534,1.2354,1.7824,5.44325e+15
6280,25722880,7.54257e+16,1.0182,1.2284,1.7722,5.44794e+15
6290,25763840,7.55458e+16,1.3046,1.2266,1.7696,5.4556e+15
6300,25804800,7.56659e+16,1.2032,1.2252,1.7676,5.46346e+15
6310,25845760,7.5786e+16,1.3852,1.2331,1.7790,5.47664e+15
6320,25886720,7.59061e+16,1.2743,1.2343,1.7808,5.48603e+15
6330,25927680,7.60262e+16,1.1665,1.2339,1.7801,5.49445e+15
6340,25968640,7.61463e+16,1.2576,1.2353,1.7822,5.50396e+15
6350,26009600,7.62665e+16,0.7603,1.2293,1.7735,5.50918e+15
6360,26050560,7.63866e+16,1.2626,1.2293,1.7735,5.51786e+15
6370,26091520,7.65067e+16,1.4445,1.2374,1.7852,5.5312e+15
6380,26132480,7.66268e+16,1.2643,1.2388,1.7873,5.54071e+15
6390,26173440,7.67469e+16,1.2639,1.2305,1.7752,5.54455e+15
6400,26214400,7.6867e+16,1.1856,1.2295,1.7738,5.55267e+15
6410,26255360,7.69871e+16,1.3042,1.2329,1.7787,5.56333e+15
6420,26296320,7.71072e+16,1.3238,1.2262,1.7690,5.56808e+15
6430,26337280,7.72273e+16,1.1439,1.2215,1.7622,5.57405e+15
6440,26378240,7.73474e+16,1.1993,1.2228,1.7642,5.5835e+15
6450,26419200,7.74675e+16,1.2043,1.2204,1.7607,5.59075e+15
6460,26460160,7.75876e+16,1.2362,1.2244,1.7664,5.60174e+15
6470,26501120,7.77077e+16,1.1621,1.2228,1.7641,5.60946e+15
6480,26542080,7.78278e+16,1.2063,1.2210,1.7615,5.6171e+15
6490,26583040,7.79479e+16,1.2329,1.2201,1.7603,5.62526e+15
6500,26624000,7.8068e+16,1.1505,1.2200,1.7601,5.63387e+15
6510,26664960,7.81881e+16,1.2691,1.2228,1.7641,5.64417e+15
6520,26705920,7.83082e+16,1.1747,1.2186,1.7580,5.65034e+15
6530,26746880,7.84283e+16,1.1580,1.2164,1.7549,5.65773e+15
6540,26787840,7.85484e+16,1.2947,1.2188,1.7583,5.6678e+15
6550,26828800,7.86685e+16,1.1255,1.2177,1.7567,5.67581e+15
6560,26869760,7.87887e+16,1.4168,1.2233,1.7648,5.68781e+15
6570,26910720,7.89088e+16,1.0029,1.2222,1.7632,5.69582e+15
6580,26951680,7.90289e+16,1.1510,1.2197,1.7597,5.70303e+15
6590,26992640,7.9149e+16,1.2387,1.2216,1.7625,5.71284e+15
6600,27033600,7.92691e+16,1.2926,1.2262,1.7690,5.7242e+15
6610,27074560,7.93892e+16,1.1682,1.2303,1.7750,5.73536e+15
6620,27115520,7.95093e+16,1.4104,1.2401,1.7890,5.74988e+15
6630,27156480,7.96294e+16,2.0441,1.2464,1.7982,5.76236e+15
6640,27197440,7.97495e+16,1.1759,1.2331,1.7791,5.76309e+15
6650,27238400,7.98696e+16,1.2756,1.2295,1.7738,5.76959e+15
6660,27279360,7.99897e+16,1.1652,1.2291,1.7733,5.77803e+15
6670,27320320,8.01098e+16,1.1785,1.2252,1.7675,5.78431e+15
6680,27361280,8.02299e+16,1.0387,1.2217,1.7626,5.79092e+15
6690,27402240,8.035e+16,1.0666,1.2182,1.7575,5.79745e+15
6700,27443200,8.04701e+16,1.2669,1.2206,1.7609,5.80755e+15
6710,27484160,8.05902e+16,0.9821,1.2186,1.7580,5.815e+15
6720,27525120,8.07103e+16,1.2203,1.2222,1.7633,5.82588e+15
6730,27566080,8.08304e+16,1.2420,1.2240,1.7659,5.83566e+15
6740,27607040,8.09505e+16,1.3312,1.2247,1.7669,5.84474e+15
6750,27648000,8.10706e+16,1.3054,1.2286,1.7725,5.8558e+15
6760,27688960,8.11907e+16,1.2503,1.2291,1.7732,5.86474e+15
6770,27729920,8.13108e+16,1.1734,1.2275,1.7709,5.87244e+15
6780,27770880,8.1431e+16,1.0443,1.2280,1.7716,5.88143e+15
6790,27811840,8.15511e+16,1.2320,1.2265,1.7695,5.88922e+15
6800,27852800,8.16712e+16,1.1698,1.2259,1.7685,5.89748e+15
6810,27893760,8.17913e+16,1.2663,1.2235,1.7651,5.90469e+15
6820,27934720,8.19114e+16,1.2910,1.2238,1.7656,5.91356e+15
6830,27975680,8.20315e+16,1.3699,1.2279,1.7715,5.92475e+15
6840,28016640,8.21516e+16,1.1717,1.2262,1.7690,5.93236e+15
6850,28057600,8.22717e+16,1.2076,1.2351,1.7819,5.94657e+15
6860,28098560,8.23918e+16,1.3375,1.2366,1.7841,5.95619e+15
6870,28139520,8.25119e+16,1.2086,1.2319,1.7773,5.96193e+15
6880,28180480,8.2632e+16,1.1328,1.2293,1.7735,5.96898e+15
6890,28221440,8.27521e+16,1.1804,1.2276,1.7710,5.97661e+15
6900,28262400,8.28722e+16,1.2414,1.2287,1.7727,5.98598e+15
6910,28303360,8.29923e+16,1.2523,1.2277,1.7712,5.99401e+15
6920,28344320,8.31124e+16,1.2044,1.2253,1.7677,6.00119e+15
6930,28385280,8.32325e+16,1.4248,1.2309,1.7758,6.01338e+15
6940,28426240,8.33526e+16,1.4175,1.2353,1.7821,6.0248e+15
6950,28467200,8.34727e+16,1.1900,1.2350,1.7817,6.0333e+15
6960,28508160,8.35928e+16,1.1474,1.2332,1.7791,6.04086e+15
6970,28549120,8.37129e+16,1.2468,1.2349,1.7816,6.05061e+15
6980,28590080,8.3833e+16,1.3693,1.2382,1.7863,6.06135e+15
6990,28631040,8.39532e+16,1.3995,1.2415,1.7911,6.07215e+15
7000,28672000,8.40733e+16,1.3004,1.2445,1.7954,6.08274e+15
7010,28712960,8.41934e+16,1.2192,1.2435,1.7940,6.09079e+15
7020,28753920,8.43135e+16,1.2440,1.2449,1.7960,6.10036e+15
7030,28794880,8.44336e+16,1.1604,1.2449,1.7960,6.10908e+15
7040,28835840,8.45537e+16,1.2113,1.2433,1.7936,6.11671e+15
7050,28876800,8.46738e+16,1.3797,1.2483,1.8010,6.12865e+15
7060,28917760,8.47939e+16,1.3308,1.2466,1.7985,6.13624e+15
7070,28958720,8.4914e+16,1.2682,1.2519,1.8062,6.14834e+15
7080,28999680,8.50341e+16,1.2239,1.2534,1.8083,6.15797e+15
7090,29040640,8.51542e+16,1.0195,1.2490,1.8019,6.16385e+15
7100,29081600,8.52743e+16,1.3278,1.2497,1.8029,6.17299e+15
7110,29122560,8.53944e+16,1.2358,1.2511,1.8049,6.18256e+15
7120,29163520,8.55145e+16,1.3523,1.2499,1.8032,6.19051e+15
7130,29204480,8.56346e+16,1.1977,1.2330,1.7788,6.18826e+15
7140,29245440,8.57547e+16,0.9767,1.2290,1.7730,6.19437e+15
7150,29286400,8.58748e+16,1.1955,1.2274,1.7707,6.20201e+15
7160,29327360,8.59949e+16,1.1072,1.2262,1.7691,6.20993e+15
7170,29368320,8.6115e+16,1.2460,1.2276,1.7710,6.21948e+15
7180,29409280,8.62351e+16,1.2118,1.2310,1.7760,6.2304e+15
7190,29450240,8.63552e+16,1.0636,1.2310,1.7759,6.23904e+15
7200,29491200,8.64753e+16,1.0926,1.2275,1.7709,6.24545e+15
7210,29532160,8.65955e+16,1.3103,1.2341,1.7804,6.2584e+15
7220,29573120,8.67156e+16,1.2810,1.2353,1.7821,6.26787e+15
7230,29614080,8.68357e+16,1.2196,1.2348,1.7815,6.27626e+15
7240,29655040,8.69558e+16,1.1985,1.2322,1.7776,6.2832e+15
7250,29696000,8.70759e+16,1.2354,1.2308,1.7756,6.29096e+15
7260,29736960,8.7196e+16,1.1092,1.2279,1.7715,6.29779e+15
7270,29777920,8.73161e+16,1.4360,1.2332,1.7791,6.30992e+15
7280,29818880,8.74362e+16,1.3253,1.2388,1.7872,6.3223e+15
7290,29859840,8.75563e+16,1.3273,1.2407,1.7900,6.33224e+15
7300,29900800,8.76764e+16,1.3155,1.2436,1.7942,6.34286e+15
7310,29941760,8.77965e+16,1.3214,1.2447,1.7958,6.35228e+15
7320,29982720,8.79166e+16,1.2786,1.2445,1.7954,6.3608e+15
7330,30023680,8.80367e+16,1.1993,1.2411,1.7905,6.36722e+15
7340,30064640,8.81568e+16,1.0894,1.2394,1.7881,6.37482e+15
7350,30105600,8.82769e+16,1.1244,1.2378,1.7857,6.38239e+15
7360,30146560,8.8397e+16,1.1483,1.2340,1.7803,6.38856e+15
7370,30187520,8.85171e+16,1.2875,1.2356,1.7825,6.39829e+15
7380,30228480,8.86372e+16,1.1145,1.2352,1.7820,6.40673e+15
7390,30269440,8.87573e+16,0.9492,1.2306,1.7753,6.41231e+15
7400,30310400,8.88774e+16,1.2126,1.2300,1.7745,6.42061e+15
7410,30351360,8.89975e+16,1.2054,1.2291,1.7732,6.42865e+15
7420,30392320,8.91177e+16,1.2669,1.2303,1.7750,6.43817e+15
7430,30433280,8.92378e+16,1.1903,1.2256,1.7682,6.4437e+15
7440,30474240,8.93579e+16,1.2495,1.2223,1.7633,6.45011e+15
7450,30515200,8.9478e+16,1.3108,1.2247,1.7668,6.46041e+15
7460,30556160,8.95981e+16,1.1859,1.2254,1.7679,6.4696e+15
7470,30597120,8.97182e+16,1.2656,1.2258,1.7685,6.47852e+15
7480,30638080,8.98383e+16,1.2898,1.2242,1.7662,6.48612e+15
7490,30679040,8.99584e+16,1.1950,1.2201,1.7603,6.49203e+15
7500,30720000,9.00785e+16,1.1895,1.2179,1.7571,6.49919e+15
7510,30760960,9.01986e+16,1.2157,1.2178,1.7570,6.50781e+15
7520,30801920,9.03187e+16,1.1584,1.2161,1.7545,6.51532e+15
7530,30842880,9.04388e+16,1.3060,1.2190,1.7587,6.52596e+15
7540,30883840,9.05589e+16,1.4829,1.2245,1.7666,6.53832e+15
7550,30924800,9.0679e+16,1.2868,1.2226,1.7639,6.54573e+15
7560,30965760,9.07991e+16,1.0069,1.2161,1.7545,6.54998e+15
7570,31006720,9.09192e+16,1.1289,1.2134,1.7505,6.55674e+15
7580,31047680,9.10393e+16,0.9994,1.2089,1.7440,6.56234e+15
7590,31088640,9.11594e+16,1.1533,1.2115,1.7479,6.57282e+15
7600,31129600,9.12795e+16,0.9365,1.2037,1.7366,6.57613e+15
7610,31170560,9.13996e+16,1.2109,1.2032,1.7359,6.58444e+15
7620,31211520,9.15197e+16,1.1992,1.2002,1.7315,6.591e+15
7630,31252480,9.16398e+16,1.0952,1.1981,1.7285,6.59824e+15
7640,31293440,9.176e+16,1.2637,1.2038,1.7368,6.61083e+15
7650,31334400,9.18801e+16,1.2109,1.2042,1.7372,6.61969e+15
7660,31375360,9.20002e+16,1.1829,1.2057,1.7394,6.62939e+15
7670,31416320,9.21203e+16,1.3071,1.2069,1.7412,6.63889e+15
7680,31457280,9.22404e+16,1.4377,1.2114,1.7477,6.65067e+15
7690,31498240,9.23605e+16,1.1612,1.2134,1.7505,6.66068e+15
7700,31539200,9.24806e+16,1.2646,1.2168,1.7555,6.67173e+15
7710,31580160,9.26007e+16,1.2181,1.2150,1.7528,6.67911e+15
7720,31621120,9.27208e+16,1.1598,1.2125,1.7493,6.68609e+15
7730,31662080,9.28409e+16,1.3267,1.2147,1.7524,6.69624e+15
7740,31703040,9.2961e+16,0.8938,1.2086,1.7436,6.70066e+15
7750,31744000,9.30811e+16,0.8282,1.2004,1.7319,6.70364e+15
7760,31784960,9.32012e+16,1.1739,1.2017,1.7337,6.71319e+15
7770,31825920,9.33213e+16,1.0885,1.1948,1.7237,6.71699e+15
7780,31866880,9.34414e+16,1.1049,1.1904,1.7173,6.72256e+15
7790,31907840,9.35615e+16,0.9772,1.1834,1.7072,6.72631e+15
7800,31948800,9.36816e+16,1.2528,1.1821,1.7054,6.73407e+15
7810,31989760,9.38017e+16,1.3577,1.1828,1.7065,6.74321e+15
7820,32030720,9.39218e+16,1.2916,1.1831,1.7069,6.75202e+15
7830,32071680,9.40419e+16,0.9878,1.1789,1.7008,6.75769e+15
7840,32112640,9.4162e+16,1.0929,1.1789,1.7009,6.76637e+15
7850,32153600,9.42822e+16,1.2505,1.1815,1.7045,6.77678e+15
7860,32194560,9.44023e+16,1.2481,1.1835,1.7074,6.78681e+15
7870,32235520,9.45224e+16,1.0609,1.1789,1.7008,6.79225e+15
7880,32276480,9.46425e+16,1.1857,1.1804,1.7029,6.80189e+15
7890,32317440,9.47626e+16,1.1828,1.1850,1.7096,6.81382e+15
7900,32358400,9.48827e+16,1.0916,1.1826,1.7061,6.82075e+15
7910,32399360,9.50028e+16,1.1444,1.1814,1.7044,6.82852e+15
7920,32440320,9.51229e+16,1.0236,1.1765,1.6974,6.8337e+15
7930,32481280,9.5243e+16,0.9907,1.1725,1.6916,6.8395e+15
7940,32522240,9.53631e+16,0.9646,1.1668,1.6834,6.84408e+15
7950,32563200,9.54832e+16,0.9478,1.1596,1.6729,6.84756e+15
7960,32604160,9.56033e+16,0.9784,1.1554,1.6669,6.85323e+15
7970,32645120,9.57234e+16,0.9277,1.1487,1.6572,6.85704e+15
7980,32686080,9.58435e+16,0.9484,1.1418,1.6473,6.86081e+15
7990,32727040,9.59636e+16,0.9427,1.1368,1.6400,6.86583e+15
8000,32768000,9.60837e+16,1.1001,1.1350,1.6375,6.87315e+15
8010,32808960,9.62038e+16,1.3113,1.1369,1.6402,6.8831e+15
8020,32849920,9.63239e+16,1.1652,1.1370,1.6404,6.89179e+15
8030,32890880,9.6444e+16,1.1103,1.1331,1.6348,6.8976e+15
8040,32931840,9.65641e+16,1.0452,1.1244,1.6221,6.89995e+15
8050,32972800,9.66842e+16,1.0601,1.1198,1.6156,6.90531e+15
8060,33013760,9.68043e+16,1.0484,1.1207,1.6168,6.91448e+15
8070,33054720,9.69245e+16,1.0670,1.1194,1.6150,6.92217e+15
8080,33095680,9.70446e+16,1.0146,1.1197,1.6154,6.93097e+15
8090,33136640,9.71647e+16,0.9837,1.1164,1.6106,6.93712e+15
8100,33177600,9.72848e+16,1.2387,1.1224,1.6193,6.95002e+15
8110,33218560,9.74049e+16,1.1775,1.1217,1.6183,6.95812e+15
8120,33259520,9.7525e+16,1.3959,1.1257,1.6240,6.96953e+15
8130,33300480,9.76451e+16,1.3605,1.1310,1.6316,6.98193e+15
8140,33341440,9.77652e+16,1.3547,1.1328,1.6343,6.99183e+15
8150,33382400,9.78853e+16,1.3453,1.1355,1.6381,7.00236e+15
8160,33423360,9.80054e+16,1.2260,1.1363,1.6394,7.01158e+15
8170,33464320,9.81255e+16,1.2456,1.1351,1.6376,7.01928e+15
8180,33505280,9.82456e+16,1.0712,1.1278,1.6270,7.02256e+15
8190,33546240,9.83657e+16,1.2184,1.1289,1.6287,7.03198e+15
8200,33587200,9.84858e+16,1.2429,1.1285,1.6281,7.04025e+15
8210,33628160,9.86059e+16,1.1065,1.1263,1.6248,7.04721e+15
8220,33669120,9.8726e+16,1.2859,1.1288,1.6285,7.05763e+15
8230,33710080,9.88461e+16,1.1991,1.1262,1.6248,7.06436e+15
8240,33751040,9.89662e+16,1.3601,1.1356,1.6383,7.07975e+15
8250,33792000,9.90863e+16,1.1432,1.1419,1.6473,7.09295e+15
8260,33832960,9.92064e+16,1.0595,1.1396,1.6440,7.09987e+15
8270,33873920,9.93265e+16,1.2291,1.1424,1.6481,7.11053e+15
8280,33914880,9.94467e+16,1.2402,1.1451,1.6520,7.12112e+15
8290,33955840,9.95668e+16,1.2256,1.1500,1.6592,7.13338e+15
8300,33996800,9.96869e+16,1.1476,1.1479,1.6561,7.14043e+15
8310,34037760,9.9807e+16,1.0581,1.1420,1.6475,7.14461e+15
8320,34078720,9.99271e+16,0.9299,1.1347,1.6371,7.14787e+15
8330,34119680,1.00047e+17,0.8331,1.1316,1.6326,7.15418e+15
8340,34160640,1.00167e+17,1.1178,1.1321,1.6333,7.16313e+15
8350,34201600,1.00287e+17,1.2411,1.1319,1.6330,7.17158e+15
8360,34242560,1.00407e+17,1.1245,1.1295,1.6295,7.17834e+15
8370,34283520,1.00528e+17,0.6202,1.1206,1.6168,7.1804e+15
8380,34324480,1.00648e+17,0.7514,1.1120,1.6042,7.18255e+15
8390,34365440,1.00768e+17,1.1866,1.1120,1.6043,7.19118e+15
8400,34406400,1.00888e+17,1.1693,1.1136,1.6066,7.2009e+15
8410,34447360,1.01008e+17,1.3870,1.1184,1.6136,7.21308e+15
8420,34488320,1.01128e+17,1.3902,1.1258,1.6242,7.22711e+15
8430,34529280,1.01248e+17,1.3711,1.1334,1.6351,7.24137e+15
8440,34570240,1.01368e+17,1.1853,1.1378,1.6415,7.25327e+15
8450,34611200,1.01488e+17,1.2542,1.1439,1.6503,7.26646e+15
8460,34652160,1.01609e+17,1.3565,1.1515,1.6612,7.28075e+15
8470,34693120,1.01729e+17,1.2311,1.1576,1.6700,7.29393e+15
8480,34734080,1.01849e+17,1.1713,1.1620,1.6764,7.30591e+15
8490,34775040,1.01969e+17,1.3757,1.1707,1.6889,7.32108e+15
8500,34816000,1.02089e+17,1.2737,1.1741,1.6939,7.33234e+15
8510,34856960,1.02209e+17,1.2271,1.1725,1.6915,7.33969e+15
8520,34897920,1.02329e+17,1.1108,1.1714,1.6899,7.34749e+15
8530,34938880,1.02449e+17,1.3237,1.1756,1.6961,7.35936e+15
8540,34979840,1.02569e+17,1.1739,1.1782,1.6998,7.36996e+15
8550,35020800,1.02689e+17,1.4855,1.1867,1.7121,7.3851e+15
8560,35061760,1.0281e+17,1.3435,1.1926,1.7206,7.39827e+15
8570,35102720,1.0293e+17,1.1451,1.1942,1.7229,7.40811e+15
8580,35143680,1.0305e+17,1.2518,1.1989,1.7297,7.42041e+15
8590,35184640,1.0317e+17,1.2087,1.2034,1.7362,7.43254e+15
8600,35225600,1.0329e+17,1.1792,1.2022,1.7345,7.44027e+15
8610,35266560,1.0341e+17,0.9496,1.1977,1.7279,7.44539e+15
8620,35307520,1.0353e+17,1.4310,1.1984,1.7289,7.45458e+15
8630,35348480,1.0365e+17,1.2698,1.1966,1.7263,7.46183e+15
8640,35389440,1.0377e+17,1.1422,1.1923,1.7202,7.46718e+15
8650,35430400,1.03891e+17,1.1939,1.1893,1.7158,7.47347e+15
8660,35471360,1.04011e+17,1.0665,1.1861,1.7112,7.47963e+15
8670,35512320,1.04131e+17,1.0208,1.1816,1.7047,7.48478e+15
8680,35553280,1.04251e+17,1.0470,1.1811,1.7040,7.49303e+15
8690,35594240,1.04371e+17,1.0166,1.1771,1.6982,7.49853e+15
8700,35635200,1.04491e+17,1.0358,1.1729,1.6922,7.50394e+15
8710,35676160,1.04611e+17,1.0880,1.1726,1.6917,7.51227e+15
8720,35717120,1.04731e+17,1.0932,1.1687,1.6861,7.5179e+15
8730,35758080,1.04851e+17,1.0546,1.1658,1.6819,7.52427e+15
8740,35799040,1.04971e+17,1.0606,1.1598,1.6733,7.52822e+15
8750,35840000,1.05092e+17,0.9880,1.1567,1.6688,7.53441e+15
8760,35880960,1.05212e+17,1.0742,1.1570,1.6692,7.54325e+15
8770,35921920,1.05332e+17,1.0325,1.1531,1.6636,7.54879e+15
8780,35962880,1.05452e+17,1.0540,1.1494,1.6582,7.55449e+15
8790,36003840,1.05572e+17,1.0503,1.1459,1.6531,7.56035e+15
8800,36044800,1.05692e+17,1.2821,1.1486,1.6570,7.57106e+15
8810,36085760,1.05812e+17,1.1520,1.1504,1.6597,7.58113e+15
8820,36126720,1.05932e+17,1.1101,1.1540,1.6649,7.59257e+15
8830,36167680,1.06052e+17,1.0669,1.1587,1.6717,7.60485e+15
8840,36208640,1.06173e+17,1.2118,1.1606,1.6744,7.61495e+15
8850,36249600,1.06293e+17,1.0396,1.1566,1.6686,7.62038e+15
8860,36290560,1.06413e+17,0.9137,1.1524,1.6625,7.62567e+15
8870,36331520,1.06533e+17,1.0363,1.1607,1.6745,7.64085e+15
8880,36372480,1.06653e+17,1.2187,1.1700,1.6880,7.65687e+15
8890,36413440,1.06773e+17,1.1177,1.1686,1.6860,7.6644e+15
